run_folder,run_id,config_index,selected_run,rank_by_test_balacc,balanced_accuracy_train,balanced_accuracy_val,balanced_accuracy_test,modeltype,gpu,test_type,k_folds,overlap_shift,norm_method,dataset,n_dense,learning_rate,dropout_rate,n_batch,n_epochs,LSTM_layers,sensors,activation,head_mode,pretrained_model,hyperparams_raw,hyperparams_file,has_train_eval,has_val_eval,has_test_eval,test_sensitivity_per_class,best_checkpoint,split_file_md5
eatdrinkanother_94u_1f_autoencoder_s_20251026-025145,20251026-025145,1,False,19.0,0.9367,0.8991,0.8765,autoencoder_s,0,nusers,1,0.5,0,eatdrinkanother_94u,200,0.0001,0.5,128,50,-1,3,gelu,balanced,saved_models_prev/recurrent_models_20251011-123315/de_fake_padts_94u_1f_autoencoder_s_20251011-123937/best_model_de_fake_padts_94u_20251011-123937.keras,autoencoder_s_0_nusers_1_0.5_0_eatdrinkanother_94u_200_0.0001_0.5_128_50_-1_3_gelu_balanced,hyperparams_1.txt,True,True,True,"[64.0, 0.8654, 64.0, 0.8796, 64.0, 0.8845]",best_model_eatdrinkanother_94u_20251026-025145.keras,f6a8685edc340018d792f59bb337697d
eatdrinkanother_94u_1f_autoencoder_s_20251026-061649,20251026-061649,2,False,46.0,0.9312,0.8888,0.8625,autoencoder_s,0,nusers,1,0.5,0,eatdrinkanother_94u,200,0.0001,0.5,128,50,-1,3,gelu,light,saved_models_prev/recurrent_models_20251011-123315/de_fake_padts_94u_1f_autoencoder_s_20251011-123937/best_model_de_fake_padts_94u_20251011-123937.keras,autoencoder_s_0_nusers_1_0.5_0_eatdrinkanother_94u_200_0.0001_0.5_128_50_-1_3_gelu_light,hyperparams_2.txt,True,True,True,"[64.0, 0.8352, 64.0, 0.8539, 64.0, 0.8983]",best_model_eatdrinkanother_94u_20251026-061649.keras,f6a8685edc340018d792f59bb337697d
eatdrinkanother_94u_1f_autoencoder_s_20251026-093931,20251026-093931,3,False,17.0,0.9238,0.8899,0.88,autoencoder_s,0,nusers,1,0.5,0,eatdrinkanother_94u,200,0.0001,0.5,128,50,-1,3,gelu,deep,saved_models_prev/recurrent_models_20251011-123315/de_fake_padts_94u_1f_autoencoder_s_20251011-123937/best_model_de_fake_padts_94u_20251011-123937.keras,autoencoder_s_0_nusers_1_0.5_0_eatdrinkanother_94u_200_0.0001_0.5_128_50_-1_3_gelu_deep,hyperparams_3.txt,True,True,True,"[64.0, 0.8749, 64.0, 0.8961, 64.0, 0.8691]",best_model_eatdrinkanother_94u_20251026-093931.keras,f6a8685edc340018d792f59bb337697d
eatdrinkanother_94u_1f_autoencoder_s_20251026-130440,20251026-130440,4,False,47.0,0.9344,0.8768,0.8618,autoencoder_s,0,nusers,1,0.5,0,eatdrinkanother_94u,200,0.0001,0.5,128,50,-1,3,gelu,classic,saved_models_prev/recurrent_models_20251011-123315/de_fake_padts_94u_1f_autoencoder_s_20251011-123937/best_model_de_fake_padts_94u_20251011-123937.keras,autoencoder_s_0_nusers_1_0.5_0_eatdrinkanother_94u_200_0.0001_0.5_128_50_-1_3_gelu_classic,hyperparams_4.txt,True,True,True,"[64.0, 0.8301, 64.0, 0.8501, 64.0, 0.9051]",best_model_eatdrinkanother_94u_20251026-130440.keras,f6a8685edc340018d792f59bb337697d
eatdrinkanother_94u_1f_autoencoder_s_20251026-163035,20251026-163035,5,False,18.0,0.9359,0.8878,0.879,autoencoder_s,0,nusers,1,0.5,0,eatdrinkanother_94u,200,0.0001,0.5,128,50,-1,3,tanh,balanced,saved_models_prev/recurrent_models_20251011-123315/de_fake_padts_94u_1f_autoencoder_s_20251011-123937/best_model_de_fake_padts_94u_20251011-123937.keras,autoencoder_s_0_nusers_1_0.5_0_eatdrinkanother_94u_200_0.0001_0.5_128_50_-1_3_tanh_balanced,hyperparams_5.txt,True,True,True,"[64.0, 0.8792, 64.0, 0.8764, 64.0, 0.8813]",best_model_eatdrinkanother_94u_20251026-163035.keras,f6a8685edc340018d792f59bb337697d
eatdrinkanother_94u_1f_autoencoder_s_20251026-200003,20251026-200003,6,False,21.0,0.9419,0.9073,0.8755,autoencoder_s,0,nusers,1,0.5,0,eatdrinkanother_94u,200,0.0001,0.5,128,50,-1,3,tanh,light,saved_models_prev/recurrent_models_20251011-123315/de_fake_padts_94u_1f_autoencoder_s_20251011-123937/best_model_de_fake_padts_94u_20251011-123937.keras,autoencoder_s_0_nusers_1_0.5_0_eatdrinkanother_94u_200_0.0001_0.5_128_50_-1_3_tanh_light,hyperparams_6.txt,True,True,True,"[64.0, 0.8607, 64.0, 0.8737, 64.0, 0.8921]",best_model_eatdrinkanother_94u_20251026-200003.keras,f6a8685edc340018d792f59bb337697d
eatdrinkanother_94u_1f_autoencoder_s_20251026-232609,20251026-232609,7,False,23.0,0.9229,0.8783,0.8736,autoencoder_s,0,nusers,1,0.5,0,eatdrinkanother_94u,200,0.0001,0.5,128,50,-1,3,tanh,deep,saved_models_prev/recurrent_models_20251011-123315/de_fake_padts_94u_1f_autoencoder_s_20251011-123937/best_model_de_fake_padts_94u_20251011-123937.keras,autoencoder_s_0_nusers_1_0.5_0_eatdrinkanother_94u_200_0.0001_0.5_128_50_-1_3_tanh_deep,hyperparams_7.txt,True,True,True,"[64.0, 0.8946, 64.0, 0.8459, 64.0, 0.8803]",best_model_eatdrinkanother_94u_20251026-232609.keras,f6a8685edc340018d792f59bb337697d
eatdrinkanother_94u_1f_autoencoder_s_20251027-025545,20251027-025545,8,False,27.0,0.9393,0.8767,0.8697,autoencoder_s,0,nusers,1,0.5,0,eatdrinkanother_94u,200,0.0001,0.5,128,50,-1,3,tanh,classic,saved_models_prev/recurrent_models_20251011-123315/de_fake_padts_94u_1f_autoencoder_s_20251011-123937/best_model_de_fake_padts_94u_20251011-123937.keras,autoencoder_s_0_nusers_1_0.5_0_eatdrinkanother_94u_200_0.0001_0.5_128_50_-1_3_tanh_classic,hyperparams_8.txt,True,True,True,"[64.0, 0.8324, 64.0, 0.9064, 64.0, 0.8704]",best_model_eatdrinkanother_94u_20251027-025545.keras,f6a8685edc340018d792f59bb337697d
eatdrinkanother_94u_1f_autoencoder_s_20251027-062200,20251027-062200,9,False,37.0,0.9129,0.8788,0.8661,autoencoder_s,0,nusers,1,0.5,0,eatdrinkanother_94u,200,0.0001,0.5,128,50,-1,3,relu,balanced,saved_models_prev/recurrent_models_20251011-123315/de_fake_padts_94u_1f_autoencoder_s_20251011-123937/best_model_de_fake_padts_94u_20251011-123937.keras,autoencoder_s_0_nusers_1_0.5_0_eatdrinkanother_94u_200_0.0001_0.5_128_50_-1_3_relu_balanced,hyperparams_9.txt,True,True,True,"[64.0, 0.9122, 64.0, 0.8234, 64.0, 0.8626]",best_model_eatdrinkanother_94u_20251027-062200.keras,f6a8685edc340018d792f59bb337697d
eatdrinkanother_94u_1f_autoencoder_s_20251027-095051,20251027-095051,10,False,29.0,0.9257,0.8874,0.8686,autoencoder_s,0,nusers,1,0.5,0,eatdrinkanother_94u,200,0.0001,0.5,128,50,-1,3,relu,light,saved_models_prev/recurrent_models_20251011-123315/de_fake_padts_94u_1f_autoencoder_s_20251011-123937/best_model_de_fake_padts_94u_20251011-123937.keras,autoencoder_s_0_nusers_1_0.5_0_eatdrinkanother_94u_200_0.0001_0.5_128_50_-1_3_relu_light,hyperparams_10.txt,True,True,True,"[64.0, 0.8603, 64.0, 0.8568, 64.0, 0.8887]",best_model_eatdrinkanother_94u_20251027-095051.keras,f6a8685edc340018d792f59bb337697d
eatdrinkanother_94u_1f_autoencoder_s_20251027-132301,20251027-132301,11,False,24.0,0.9218,0.884,0.8707,autoencoder_s,0,nusers,1,0.5,0,eatdrinkanother_94u,200,0.0001,0.5,128,50,-1,3,relu,deep,saved_models_prev/recurrent_models_20251011-123315/de_fake_padts_94u_1f_autoencoder_s_20251011-123937/best_model_de_fake_padts_94u_20251011-123937.keras,autoencoder_s_0_nusers_1_0.5_0_eatdrinkanother_94u_200_0.0001_0.5_128_50_-1_3_relu_deep,hyperparams_11.txt,True,True,True,"[64.0, 0.8924, 64.0, 0.8457, 64.0, 0.8741]",best_model_eatdrinkanother_94u_20251027-132301.keras,f6a8685edc340018d792f59bb337697d
eatdrinkanother_94u_1f_autoencoder_s_20251027-170313,20251027-170313,12,False,44.0,0.9347,0.885,0.8627,autoencoder_s,0,nusers,1,0.5,0,eatdrinkanother_94u,200,0.0001,0.5,128,50,-1,3,relu,classic,saved_models_prev/recurrent_models_20251011-123315/de_fake_padts_94u_1f_autoencoder_s_20251011-123937/best_model_de_fake_padts_94u_20251011-123937.keras,autoencoder_s_0_nusers_1_0.5_0_eatdrinkanother_94u_200_0.0001_0.5_128_50_-1_3_relu_classic,hyperparams_12.txt,True,True,True,"[64.0, 0.8338, 64.0, 0.8505, 64.0, 0.904]",best_model_eatdrinkanother_94u_20251027-170313.keras,f6a8685edc340018d792f59bb337697d
eatdrinkanother_94u_1f_autoencoder_s_20251027-204236,20251027-204236,13,False,22.0,0.927,0.8972,0.8747,autoencoder_s,0,nusers,1,0.5,0,eatdrinkanother_94u,200,0.0001,0.5,128,50,-1,3,silu,balanced,saved_models_prev/recurrent_models_20251011-123315/de_fake_padts_94u_1f_autoencoder_s_20251011-123937/best_model_de_fake_padts_94u_20251011-123937.keras,autoencoder_s_0_nusers_1_0.5_0_eatdrinkanother_94u_200_0.0001_0.5_128_50_-1_3_silu_balanced,hyperparams_13.txt,True,True,True,"[64.0, 0.8526, 64.0, 0.8928, 64.0, 0.8787]",best_model_eatdrinkanother_94u_20251027-204236.keras,f6a8685edc340018d792f59bb337697d
eatdrinkanother_94u_1f_autoencoder_s_20251028-002221,20251028-002221,14,False,28.0,0.9302,0.892,0.8687,autoencoder_s,0,nusers,1,0.5,0,eatdrinkanother_94u,200,0.0001,0.5,128,50,-1,3,silu,light,saved_models_prev/recurrent_models_20251011-123315/de_fake_padts_94u_1f_autoencoder_s_20251011-123937/best_model_de_fake_padts_94u_20251011-123937.keras,autoencoder_s_0_nusers_1_0.5_0_eatdrinkanother_94u_200_0.0001_0.5_128_50_-1_3_silu_light,hyperparams_14.txt,True,True,True,"[64.0, 0.8516, 64.0, 0.8701, 64.0, 0.8844]",best_model_eatdrinkanother_94u_20251028-002221.keras,f6a8685edc340018d792f59bb337697d
eatdrinkanother_94u_1f_autoencoder_s_20251028-035834,20251028-035834,15,False,20.0,0.9294,0.8857,0.8756,autoencoder_s,0,nusers,1,0.5,0,eatdrinkanother_94u,200,0.0001,0.5,128,50,-1,3,silu,deep,saved_models_prev/recurrent_models_20251011-123315/de_fake_padts_94u_1f_autoencoder_s_20251011-123937/best_model_de_fake_padts_94u_20251011-123937.keras,autoencoder_s_0_nusers_1_0.5_0_eatdrinkanother_94u_200_0.0001_0.5_128_50_-1_3_silu_deep,hyperparams_15.txt,True,True,True,"[64.0, 0.9003, 64.0, 0.8337, 64.0, 0.8928]",best_model_eatdrinkanother_94u_20251028-035834.keras,f6a8685edc340018d792f59bb337697d
eatdrinkanother_94u_1f_autoencoder_s_20251028-073810,20251028-073810,16,False,61.0,0.9337,0.8808,0.8545,autoencoder_s,0,nusers,1,0.5,0,eatdrinkanother_94u,200,0.0001,0.5,128,50,-1,3,silu,classic,saved_models_prev/recurrent_models_20251011-123315/de_fake_padts_94u_1f_autoencoder_s_20251011-123937/best_model_de_fake_padts_94u_20251011-123937.keras,autoencoder_s_0_nusers_1_0.5_0_eatdrinkanother_94u_200_0.0001_0.5_128_50_-1_3_silu_classic,hyperparams_16.txt,True,True,True,"[64.0, 0.8056, 64.0, 0.8547, 64.0, 0.9031]",best_model_eatdrinkanother_94u_20251028-073810.keras,f6a8685edc340018d792f59bb337697d
eatdrinkanother_94u_1f_autoencoder_s_20251028-111518,20251028-111518,17,False,9.0,0.9355,0.9012,0.8924,autoencoder_s,0,nusers,1,0.5,0,eatdrinkanother_94u,200,0.0001,0.5,128,50,-1,3,gelu,balanced,saved_models_prev/recurrent_models_20251012-100533/de_fake_padts_94u_1f_autoencoder_s_20251012-101512/best_model_de_fake_padts_94u_20251012-101512.keras,autoencoder_s_0_nusers_1_0.5_0_eatdrinkanother_94u_200_0.0001_0.5_128_50_-1_3_gelu_balanced,hyperparams_17.txt,True,True,True,"[64.0, 0.8662, 64.0, 0.8695, 64.0, 0.9415]",best_model_eatdrinkanother_94u_20251028-111518.keras,f6a8685edc340018d792f59bb337697d
eatdrinkanother_94u_1f_autoencoder_s_20251028-140448,20251028-140448,18,False,11.0,0.9356,0.9051,0.8867,autoencoder_s,0,nusers,1,0.5,0,eatdrinkanother_94u,200,0.0001,0.5,128,50,-1,3,gelu,light,saved_models_prev/recurrent_models_20251012-100533/de_fake_padts_94u_1f_autoencoder_s_20251012-101512/best_model_de_fake_padts_94u_20251012-101512.keras,autoencoder_s_0_nusers_1_0.5_0_eatdrinkanother_94u_200_0.0001_0.5_128_50_-1_3_gelu_light,hyperparams_18.txt,True,True,True,"[64.0, 0.8218, 64.0, 0.8926, 64.0, 0.9456]",best_model_eatdrinkanother_94u_20251028-140448.keras,f6a8685edc340018d792f59bb337697d
eatdrinkanother_94u_1f_autoencoder_s_20251028-174115,20251028-174115,19,True,1.0,0.9405,0.9075,0.9055,autoencoder_s,0,nusers,1,0.5,0,eatdrinkanother_94u,200,0.0001,0.5,128,50,-1,3,gelu,deep,saved_models_prev/recurrent_models_20251012-100533/de_fake_padts_94u_1f_autoencoder_s_20251012-101512/best_model_de_fake_padts_94u_20251012-101512.keras,autoencoder_s_0_nusers_1_0.5_0_eatdrinkanother_94u_200_0.0001_0.5_128_50_-1_3_gelu_deep,hyperparams_19.txt,True,True,True,"[64.0, 0.8849, 64.0, 0.9014, 64.0, 0.9304]",best_model_eatdrinkanother_94u_20251028-174115.keras,f6a8685edc340018d792f59bb337697d
eatdrinkanother_94u_1f_autoencoder_s_20251028-203129,20251028-203129,20,False,10.0,0.9324,0.9076,0.8907,autoencoder_s,0,nusers,1,0.5,0,eatdrinkanother_94u,200,0.0001,0.5,128,50,-1,3,gelu,classic,saved_models_prev/recurrent_models_20251012-100533/de_fake_padts_94u_1f_autoencoder_s_20251012-101512/best_model_de_fake_padts_94u_20251012-101512.keras,autoencoder_s_0_nusers_1_0.5_0_eatdrinkanother_94u_200_0.0001_0.5_128_50_-1_3_gelu_classic,hyperparams_20.txt,True,True,True,"[64.0, 0.8088, 64.0, 0.9184, 64.0, 0.9448]",best_model_eatdrinkanother_94u_20251028-203129.keras,f6a8685edc340018d792f59bb337697d
eatdrinkanother_94u_1f_autoencoder_s_20251029-000735,20251029-000735,21,False,3.0,0.9404,0.9025,0.8964,autoencoder_s,0,nusers,1,0.5,0,eatdrinkanother_94u,200,0.0001,0.5,128,50,-1,3,tanh,balanced,saved_models_prev/recurrent_models_20251012-100533/de_fake_padts_94u_1f_autoencoder_s_20251012-101512/best_model_de_fake_padts_94u_20251012-101512.keras,autoencoder_s_0_nusers_1_0.5_0_eatdrinkanother_94u_200_0.0001_0.5_128_50_-1_3_tanh_balanced,hyperparams_21.txt,True,True,True,"[64.0, 0.8224, 64.0, 0.9212, 64.0, 0.9454]",best_model_eatdrinkanother_94u_20251029-000735.keras,f6a8685edc340018d792f59bb337697d
eatdrinkanother_94u_1f_autoencoder_s_20251029-030014,20251029-030014,22,False,16.0,0.9339,0.9134,0.8803,autoencoder_s,0,nusers,1,0.5,0,eatdrinkanother_94u,200,0.0001,0.5,128,50,-1,3,tanh,light,saved_models_prev/recurrent_models_20251012-100533/de_fake_padts_94u_1f_autoencoder_s_20251012-101512/best_model_de_fake_padts_94u_20251012-101512.keras,autoencoder_s_0_nusers_1_0.5_0_eatdrinkanother_94u_200_0.0001_0.5_128_50_-1_3_tanh_light,hyperparams_22.txt,True,True,True,"[64.0, 0.834, 64.0, 0.885, 64.0, 0.9219]",best_model_eatdrinkanother_94u_20251029-030014.keras,f6a8685edc340018d792f59bb337697d
eatdrinkanother_94u_1f_autoencoder_s_20251029-063520,20251029-063520,23,False,7.0,0.9301,0.897,0.8935,autoencoder_s,0,nusers,1,0.5,0,eatdrinkanother_94u,200,0.0001,0.5,128,50,-1,3,tanh,deep,saved_models_prev/recurrent_models_20251012-100533/de_fake_padts_94u_1f_autoencoder_s_20251012-101512/best_model_de_fake_padts_94u_20251012-101512.keras,autoencoder_s_0_nusers_1_0.5_0_eatdrinkanother_94u_200_0.0001_0.5_128_50_-1_3_tanh_deep,hyperparams_23.txt,True,True,True,"[64.0, 0.8226, 64.0, 0.9079, 64.0, 0.95]",best_model_eatdrinkanother_94u_20251029-063520.keras,f6a8685edc340018d792f59bb337697d
eatdrinkanother_94u_1f_autoencoder_s_20251029-095836,20251029-095836,24,False,2.0,0.9308,0.9081,0.8986,autoencoder_s,0,nusers,1,0.5,0,eatdrinkanother_94u,200,0.0001,0.5,128,50,-1,3,tanh,classic,saved_models_prev/recurrent_models_20251012-100533/de_fake_padts_94u_1f_autoencoder_s_20251012-101512/best_model_de_fake_padts_94u_20251012-101512.keras,autoencoder_s_0_nusers_1_0.5_0_eatdrinkanother_94u_200_0.0001_0.5_128_50_-1_3_tanh_classic,hyperparams_24.txt,True,True,True,"[64.0, 0.853, 64.0, 0.9241, 64.0, 0.9186]",best_model_eatdrinkanother_94u_20251029-095836.keras,f6a8685edc340018d792f59bb337697d
eatdrinkanother_94u_1f_autoencoder_s_20251029-133102,20251029-133102,25,False,8.0,0.9385,0.9054,0.8925,autoencoder_s,0,nusers,1,0.5,0,eatdrinkanother_94u,200,0.0001,0.5,128,50,-1,3,relu,balanced,saved_models_prev/recurrent_models_20251012-100533/de_fake_padts_94u_1f_autoencoder_s_20251012-101512/best_model_de_fake_padts_94u_20251012-101512.keras,autoencoder_s_0_nusers_1_0.5_0_eatdrinkanother_94u_200_0.0001_0.5_128_50_-1_3_relu_balanced,hyperparams_25.txt,True,True,True,"[64.0, 0.8352, 64.0, 0.9037, 64.0, 0.9385]",best_model_eatdrinkanother_94u_20251029-133102.keras,f6a8685edc340018d792f59bb337697d
eatdrinkanother_94u_1f_autoencoder_s_20251029-170634,20251029-170634,26,False,15.0,0.9386,0.9057,0.8817,autoencoder_s,0,nusers,1,0.5,0,eatdrinkanother_94u,200,0.0001,0.5,128,50,-1,3,relu,light,saved_models_prev/recurrent_models_20251012-100533/de_fake_padts_94u_1f_autoencoder_s_20251012-101512/best_model_de_fake_padts_94u_20251012-101512.keras,autoencoder_s_0_nusers_1_0.5_0_eatdrinkanother_94u_200_0.0001_0.5_128_50_-1_3_relu_light,hyperparams_26.txt,True,True,True,"[64.0, 0.7961, 64.0, 0.9048, 64.0, 0.9442]",best_model_eatdrinkanother_94u_20251029-170634.keras,f6a8685edc340018d792f59bb337697d
eatdrinkanother_94u_1f_autoencoder_s_20251029-204319,20251029-204319,27,False,4.0,0.9365,0.9004,0.8952,autoencoder_s,0,nusers,1,0.5,0,eatdrinkanother_94u,200,0.0001,0.5,128,50,-1,3,relu,deep,saved_models_prev/recurrent_models_20251012-100533/de_fake_padts_94u_1f_autoencoder_s_20251012-101512/best_model_de_fake_padts_94u_20251012-101512.keras,autoencoder_s_0_nusers_1_0.5_0_eatdrinkanother_94u_200_0.0001_0.5_128_50_-1_3_relu_deep,hyperparams_27.txt,True,True,True,"[64.0, 0.852, 64.0, 0.9126, 64.0, 0.9208]",best_model_eatdrinkanother_94u_20251029-204319.keras,f6a8685edc340018d792f59bb337697d
eatdrinkanother_94u_1f_autoencoder_s_20251030-001216,20251030-001216,28,False,13.0,0.9378,0.9044,0.8831,autoencoder_s,0,nusers,1,0.5,0,eatdrinkanother_94u,200,0.0001,0.5,128,50,-1,3,relu,classic,saved_models_prev/recurrent_models_20251012-100533/de_fake_padts_94u_1f_autoencoder_s_20251012-101512/best_model_de_fake_padts_94u_20251012-101512.keras,autoencoder_s_0_nusers_1_0.5_0_eatdrinkanother_94u_200_0.0001_0.5_128_50_-1_3_relu_classic,hyperparams_28.txt,True,True,True,"[64.0, 0.8121, 64.0, 0.8932, 64.0, 0.9441]",best_model_eatdrinkanother_94u_20251030-001216.keras,f6a8685edc340018d792f59bb337697d
eatdrinkanother_94u_1f_autoencoder_s_20251030-032319,20251030-032319,29,False,6.0,0.9371,0.9092,0.8943,autoencoder_s,0,nusers,1,0.5,0,eatdrinkanother_94u,200,0.0001,0.5,128,50,-1,3,silu,balanced,saved_models_prev/recurrent_models_20251012-100533/de_fake_padts_94u_1f_autoencoder_s_20251012-101512/best_model_de_fake_padts_94u_20251012-101512.keras,autoencoder_s_0_nusers_1_0.5_0_eatdrinkanother_94u_200_0.0001_0.5_128_50_-1_3_silu_balanced,hyperparams_29.txt,True,True,True,"[64.0, 0.8506, 64.0, 0.893, 64.0, 0.9394]",best_model_eatdrinkanother_94u_20251030-032319.keras,f6a8685edc340018d792f59bb337697d
eatdrinkanother_94u_1f_autoencoder_s_20251030-064931,20251030-064931,30,False,5.0,0.9326,0.9142,0.8945,autoencoder_s,0,nusers,1,0.5,0,eatdrinkanother_94u,200,0.0001,0.5,128,50,-1,3,silu,light,saved_models_prev/recurrent_models_20251012-100533/de_fake_padts_94u_1f_autoencoder_s_20251012-101512/best_model_de_fake_padts_94u_20251012-101512.keras,autoencoder_s_0_nusers_1_0.5_0_eatdrinkanother_94u_200_0.0001_0.5_128_50_-1_3_silu_light,hyperparams_30.txt,True,True,True,"[64.0, 0.8472, 64.0, 0.9216, 64.0, 0.9149]",best_model_eatdrinkanother_94u_20251030-064931.keras,f6a8685edc340018d792f59bb337697d
eatdrinkanother_94u_1f_autoencoder_s_20251030-101214,20251030-101214,31,False,12.0,0.9369,0.9008,0.8858,autoencoder_s,0,nusers,1,0.5,0,eatdrinkanother_94u,200,0.0001,0.5,128,50,-1,3,silu,deep,saved_models_prev/recurrent_models_20251012-100533/de_fake_padts_94u_1f_autoencoder_s_20251012-101512/best_model_de_fake_padts_94u_20251012-101512.keras,autoencoder_s_0_nusers_1_0.5_0_eatdrinkanother_94u_200_0.0001_0.5_128_50_-1_3_silu_deep,hyperparams_31.txt,True,True,True,"[64.0, 0.8076, 64.0, 0.9073, 64.0, 0.9425]",best_model_eatdrinkanother_94u_20251030-101214.keras,f6a8685edc340018d792f59bb337697d
eatdrinkanother_94u_1f_autoencoder_s_20251030-133909,20251030-133909,32,False,14.0,0.9253,0.9029,0.882,autoencoder_s,0,nusers,1,0.5,0,eatdrinkanother_94u,200,0.0001,0.5,128,50,-1,3,silu,classic,saved_models_prev/recurrent_models_20251012-100533/de_fake_padts_94u_1f_autoencoder_s_20251012-101512/best_model_de_fake_padts_94u_20251012-101512.keras,autoencoder_s_0_nusers_1_0.5_0_eatdrinkanother_94u_200_0.0001_0.5_128_50_-1_3_silu_classic,hyperparams_32.txt,True,True,True,"[64.0, 0.8007, 64.0, 0.9126, 64.0, 0.9328]",best_model_eatdrinkanother_94u_20251030-133909.keras,f6a8685edc340018d792f59bb337697d
eatdrinkanother_94u_1f_autoencoder_s_20251030-170200,20251030-170200,33,False,40.0,0.9054,0.865,0.8644,autoencoder_s,0,nusers,1,0.5,0,eatdrinkanother_94u,200,0.0001,0.5,128,50,-1,3,gelu,balanced,saved_models_prev/recurrent_models_20251019-194221/de_d_e_fake_100-9_1f_autoencoder_s_20251020-104835/best_model_de_d_e_fake_100-9_20251020-104835.keras,autoencoder_s_0_nusers_1_0.5_0_eatdrinkanother_94u_200_0.0001_0.5_128_50_-1_3_gelu_balanced,hyperparams_33.txt,True,True,True,"[64.0, 0.7397, 64.0, 0.9023, 64.0, 0.9513]",best_model_eatdrinkanother_94u_20251030-170200.keras,f6a8685edc340018d792f59bb337697d
eatdrinkanother_94u_1f_autoencoder_s_20251030-200749,20251030-200749,34,False,48.0,0.9253,0.8934,0.8617,autoencoder_s,0,nusers,1,0.5,0,eatdrinkanother_94u,200,0.0001,0.5,128,50,-1,3,gelu,light,saved_models_prev/recurrent_models_20251019-194221/de_d_e_fake_100-9_1f_autoencoder_s_20251020-104835/best_model_de_d_e_fake_100-9_20251020-104835.keras,autoencoder_s_0_nusers_1_0.5_0_eatdrinkanother_94u_200_0.0001_0.5_128_50_-1_3_gelu_light,hyperparams_34.txt,True,True,True,"[64.0, 0.7438, 64.0, 0.8821, 64.0, 0.9592]",best_model_eatdrinkanother_94u_20251030-200749.keras,f6a8685edc340018d792f59bb337697d
eatdrinkanother_94u_1f_autoencoder_s_20251030-233029,20251030-233029,35,False,33.0,0.9158,0.8917,0.8671,autoencoder_s,0,nusers,1,0.5,0,eatdrinkanother_94u,200,0.0001,0.5,128,50,-1,3,gelu,deep,saved_models_prev/recurrent_models_20251019-194221/de_d_e_fake_100-9_1f_autoencoder_s_20251020-104835/best_model_de_d_e_fake_100-9_20251020-104835.keras,autoencoder_s_0_nusers_1_0.5_0_eatdrinkanother_94u_200_0.0001_0.5_128_50_-1_3_gelu_deep,hyperparams_35.txt,True,True,True,"[64.0, 0.7539, 64.0, 0.8796, 64.0, 0.9679]",best_model_eatdrinkanother_94u_20251030-233029.keras,f6a8685edc340018d792f59bb337697d
eatdrinkanother_94u_1f_autoencoder_s_20251031-023658,20251031-023658,36,False,36.0,0.9283,0.8977,0.8666,autoencoder_s,0,nusers,1,0.5,0,eatdrinkanother_94u,200,0.0001,0.5,128,50,-1,3,gelu,classic,saved_models_prev/recurrent_models_20251019-194221/de_d_e_fake_100-9_1f_autoencoder_s_20251020-104835/best_model_de_d_e_fake_100-9_20251020-104835.keras,autoencoder_s_0_nusers_1_0.5_0_eatdrinkanother_94u_200_0.0001_0.5_128_50_-1_3_gelu_classic,hyperparams_36.txt,True,True,True,"[64.0, 0.7675, 64.0, 0.8737, 64.0, 0.9585]",best_model_eatdrinkanother_94u_20251031-023658.keras,f6a8685edc340018d792f59bb337697d
eatdrinkanother_94u_1f_autoencoder_s_20251031-060049,20251031-060049,37,False,30.0,0.9104,0.867,0.8682,autoencoder_s,0,nusers,1,0.5,0,eatdrinkanother_94u,200,0.0001,0.5,128,50,-1,3,tanh,balanced,saved_models_prev/recurrent_models_20251019-194221/de_d_e_fake_100-9_1f_autoencoder_s_20251020-104835/best_model_de_d_e_fake_100-9_20251020-104835.keras,autoencoder_s_0_nusers_1_0.5_0_eatdrinkanother_94u_200_0.0001_0.5_128_50_-1_3_tanh_balanced,hyperparams_37.txt,True,True,True,"[64.0, 0.7377, 64.0, 0.8888, 64.0, 0.978]",best_model_eatdrinkanother_94u_20251031-060049.keras,f6a8685edc340018d792f59bb337697d
eatdrinkanother_94u_1f_autoencoder_s_20251031-092739,20251031-092739,38,False,56.0,0.9168,0.8924,0.8576,autoencoder_s,0,nusers,1,0.5,0,eatdrinkanother_94u,200,0.0001,0.5,128,50,-1,3,tanh,light,saved_models_prev/recurrent_models_20251019-194221/de_d_e_fake_100-9_1f_autoencoder_s_20251020-104835/best_model_de_d_e_fake_100-9_20251020-104835.keras,autoencoder_s_0_nusers_1_0.5_0_eatdrinkanother_94u_200_0.0001_0.5_128_50_-1_3_tanh_light,hyperparams_38.txt,True,True,True,"[64.0, 0.7186, 64.0, 0.9044, 64.0, 0.9498]",best_model_eatdrinkanother_94u_20251031-092739.keras,f6a8685edc340018d792f59bb337697d
eatdrinkanother_94u_1f_autoencoder_s_20251031-115722,20251031-115722,39,False,41.0,0.9219,0.9039,0.8635,autoencoder_s,0,nusers,1,0.5,0,eatdrinkanother_94u,200,0.0001,0.5,128,50,-1,3,tanh,deep,saved_models_prev/recurrent_models_20251019-194221/de_d_e_fake_100-9_1f_autoencoder_s_20251020-104835/best_model_de_d_e_fake_100-9_20251020-104835.keras,autoencoder_s_0_nusers_1_0.5_0_eatdrinkanother_94u_200_0.0001_0.5_128_50_-1_3_tanh_deep,hyperparams_39.txt,True,True,True,"[64.0, 0.7578, 64.0, 0.8747, 64.0, 0.958]",best_model_eatdrinkanother_94u_20251031-115722.keras,f6a8685edc340018d792f59bb337697d
eatdrinkanother_94u_1f_autoencoder_s_20251031-152340,20251031-152340,40,False,38.0,0.9253,0.8955,0.8649,autoencoder_s,0,nusers,1,0.5,0,eatdrinkanother_94u,200,0.0001,0.5,128,50,-1,3,tanh,classic,saved_models_prev/recurrent_models_20251019-194221/de_d_e_fake_100-9_1f_autoencoder_s_20251020-104835/best_model_de_d_e_fake_100-9_20251020-104835.keras,autoencoder_s_0_nusers_1_0.5_0_eatdrinkanother_94u_200_0.0001_0.5_128_50_-1_3_tanh_classic,hyperparams_40.txt,True,True,True,"[64.0, 0.7393, 64.0, 0.9006, 64.0, 0.9547]",best_model_eatdrinkanother_94u_20251031-152340.keras,f6a8685edc340018d792f59bb337697d
eatdrinkanother_94u_1f_autoencoder_s_20251031-174255,20251031-174255,41,False,63.0,0.8892,0.8509,0.8523,autoencoder_s,0,nusers,1,0.5,0,eatdrinkanother_94u,200,0.0001,0.5,128,50,-1,3,relu,balanced,saved_models_prev/recurrent_models_20251019-194221/de_d_e_fake_100-9_1f_autoencoder_s_20251020-104835/best_model_de_d_e_fake_100-9_20251020-104835.keras,autoencoder_s_0_nusers_1_0.5_0_eatdrinkanother_94u_200_0.0001_0.5_128_50_-1_3_relu_balanced,hyperparams_41.txt,True,True,True,"[64.0, 0.6994, 64.0, 0.9105, 64.0, 0.947]",best_model_eatdrinkanother_94u_20251031-174255.keras,f6a8685edc340018d792f59bb337697d
eatdrinkanother_94u_1f_autoencoder_s_20251031-202442,20251031-202442,42,False,51.0,0.9242,0.8891,0.8596,autoencoder_s,0,nusers,1,0.5,0,eatdrinkanother_94u,200,0.0001,0.5,128,50,-1,3,relu,light,saved_models_prev/recurrent_models_20251019-194221/de_d_e_fake_100-9_1f_autoencoder_s_20251020-104835/best_model_de_d_e_fake_100-9_20251020-104835.keras,autoencoder_s_0_nusers_1_0.5_0_eatdrinkanother_94u_200_0.0001_0.5_128_50_-1_3_relu_light,hyperparams_42.txt,True,True,True,"[64.0, 0.7363, 64.0, 0.8758, 64.0, 0.9666]",best_model_eatdrinkanother_94u_20251031-202442.keras,f6a8685edc340018d792f59bb337697d
eatdrinkanother_94u_1f_autoencoder_s_20251031-234738,20251031-234738,43,False,60.0,0.8957,0.8768,0.855,autoencoder_s,0,nusers,1,0.5,0,eatdrinkanother_94u,200,0.0001,0.5,128,50,-1,3,relu,deep,saved_models_prev/recurrent_models_20251019-194221/de_d_e_fake_100-9_1f_autoencoder_s_20251020-104835/best_model_de_d_e_fake_100-9_20251020-104835.keras,autoencoder_s_0_nusers_1_0.5_0_eatdrinkanother_94u_200_0.0001_0.5_128_50_-1_3_relu_deep,hyperparams_43.txt,True,True,True,"[64.0, 0.7115, 64.0, 0.8884, 64.0, 0.9651]",best_model_eatdrinkanother_94u_20251031-234738.keras,f6a8685edc340018d792f59bb337697d
eatdrinkanother_94u_1f_autoencoder_s_20251101-022217,20251101-022217,44,False,25.0,0.924,0.8961,0.8706,autoencoder_s,0,nusers,1,0.5,0,eatdrinkanother_94u,200,0.0001,0.5,128,50,-1,3,relu,classic,saved_models_prev/recurrent_models_20251019-194221/de_d_e_fake_100-9_1f_autoencoder_s_20251020-104835/best_model_de_d_e_fake_100-9_20251020-104835.keras,autoencoder_s_0_nusers_1_0.5_0_eatdrinkanother_94u_200_0.0001_0.5_128_50_-1_3_relu_classic,hyperparams_44.txt,True,True,True,"[64.0, 0.7555, 64.0, 0.9178, 64.0, 0.9383]",best_model_eatdrinkanother_94u_20251101-022217.keras,f6a8685edc340018d792f59bb337697d
eatdrinkanother_94u_1f_autoencoder_s_20251101-041421,20251101-041421,45,False,51.0,0.8949,0.8621,0.8596,autoencoder_s,0,nusers,1,0.5,0,eatdrinkanother_94u,200,0.0001,0.5,128,50,-1,3,silu,balanced,saved_models_prev/recurrent_models_20251019-194221/de_d_e_fake_100-9_1f_autoencoder_s_20251020-104835/best_model_de_d_e_fake_100-9_20251020-104835.keras,autoencoder_s_0_nusers_1_0.5_0_eatdrinkanother_94u_200_0.0001_0.5_128_50_-1_3_silu_balanced,hyperparams_45.txt,True,True,True,"[64.0, 0.7454, 64.0, 0.8823, 64.0, 0.951]",best_model_eatdrinkanother_94u_20251101-041421.keras,f6a8685edc340018d792f59bb337697d
eatdrinkanother_94u_1f_autoencoder_s_20251101-064114,20251101-064114,46,False,48.0,0.9073,0.884,0.8617,autoencoder_s,0,nusers,1,0.5,0,eatdrinkanother_94u,200,0.0001,0.5,128,50,-1,3,silu,light,saved_models_prev/recurrent_models_20251019-194221/de_d_e_fake_100-9_1f_autoencoder_s_20251020-104835/best_model_de_d_e_fake_100-9_20251020-104835.keras,autoencoder_s_0_nusers_1_0.5_0_eatdrinkanother_94u_200_0.0001_0.5_128_50_-1_3_silu_light,hyperparams_46.txt,True,True,True,"[64.0, 0.7097, 64.0, 0.9069, 64.0, 0.9684]",best_model_eatdrinkanother_94u_20251101-064114.keras,f6a8685edc340018d792f59bb337697d
eatdrinkanother_94u_1f_autoencoder_s_20251101-091817,20251101-091817,47,False,44.0,0.9347,0.8864,0.8627,autoencoder_s,0,nusers,1,0.5,0,eatdrinkanother_94u,200,0.0001,0.5,128,50,-1,3,silu,deep,saved_models_prev/recurrent_models_20251019-194221/de_d_e_fake_100-9_1f_autoencoder_s_20251020-104835/best_model_de_d_e_fake_100-9_20251020-104835.keras,autoencoder_s_0_nusers_1_0.5_0_eatdrinkanother_94u_200_0.0001_0.5_128_50_-1_3_silu_deep,hyperparams_47.txt,True,True,True,"[64.0, 0.7385, 64.0, 0.901, 64.0, 0.9485]",best_model_eatdrinkanother_94u_20251101-091817.keras,f6a8685edc340018d792f59bb337697d
eatdrinkanother_94u_1f_autoencoder_s_20251101-122115,20251101-122115,48,False,64.0,0.9107,0.8833,0.8521,autoencoder_s,0,nusers,1,0.5,0,eatdrinkanother_94u,200,0.0001,0.5,128,50,-1,3,silu,classic,saved_models_prev/recurrent_models_20251019-194221/de_d_e_fake_100-9_1f_autoencoder_s_20251020-104835/best_model_de_d_e_fake_100-9_20251020-104835.keras,autoencoder_s_0_nusers_1_0.5_0_eatdrinkanother_94u_200_0.0001_0.5_128_50_-1_3_silu_classic,hyperparams_48.txt,True,True,True,"[64.0, 0.7184, 64.0, 0.8812, 64.0, 0.9568]",best_model_eatdrinkanother_94u_20251101-122115.keras,f6a8685edc340018d792f59bb337697d
eatdrinkanother_94u_1f_autoencoder_s_20251101-153006,20251101-153006,49,False,79.0,0.8745,0.8108,0.8284,autoencoder_s,0,nusers,1,0.5,0,eatdrinkanother_94u,200,1e-05,0.5,128,50,-1,3,gelu,balanced,saved_models_prev/recurrent_models_20251011-123315/de_fake_padts_94u_1f_autoencoder_s_20251011-123937/best_model_de_fake_padts_94u_20251011-123937.keras,autoencoder_s_0_nusers_1_0.5_0_eatdrinkanother_94u_200_1e-05_0.5_128_50_-1_3_gelu_balanced,hyperparams_49.txt,True,True,True,"[64.0, 0.8593, 64.0, 0.7757, 64.0, 0.8502]",best_model_eatdrinkanother_94u_20251101-153006.keras,f6a8685edc340018d792f59bb337697d
eatdrinkanother_94u_1f_autoencoder_s_20251101-184828,20251101-184828,50,False,90.0,0.8668,0.8215,0.8188,autoencoder_s,0,nusers,1,0.5,0,eatdrinkanother_94u,200,1e-05,0.5,128,50,-1,3,gelu,light,saved_models_prev/recurrent_models_20251011-123315/de_fake_padts_94u_1f_autoencoder_s_20251011-123937/best_model_de_fake_padts_94u_20251011-123937.keras,autoencoder_s_0_nusers_1_0.5_0_eatdrinkanother_94u_200_1e-05_0.5_128_50_-1_3_gelu_light,hyperparams_50.txt,True,True,True,"[64.0, 0.8512, 64.0, 0.7522, 64.0, 0.8531]",best_model_eatdrinkanother_94u_20251101-184828.keras,f6a8685edc340018d792f59bb337697d
eatdrinkanother_94u_1f_autoencoder_s_20251101-214839,20251101-214839,51,False,59.0,0.8867,0.8457,0.8557,autoencoder_s,0,nusers,1,0.5,0,eatdrinkanother_94u,200,1e-05,0.5,128,50,-1,3,gelu,deep,saved_models_prev/recurrent_models_20251011-123315/de_fake_padts_94u_1f_autoencoder_s_20251011-123937/best_model_de_fake_padts_94u_20251011-123937.keras,autoencoder_s_0_nusers_1_0.5_0_eatdrinkanother_94u_200_1e-05_0.5_128_50_-1_3_gelu_deep,hyperparams_51.txt,True,True,True,"[64.0, 0.8767, 64.0, 0.8232, 64.0, 0.8672]",best_model_eatdrinkanother_94u_20251101-214839.keras,f6a8685edc340018d792f59bb337697d
eatdrinkanother_94u_1f_autoencoder_s_20251102-010547,20251102-010547,52,False,93.0,0.8648,0.8136,0.8172,autoencoder_s,0,nusers,1,0.5,0,eatdrinkanother_94u,200,1e-05,0.5,128,50,-1,3,gelu,classic,saved_models_prev/recurrent_models_20251011-123315/de_fake_padts_94u_1f_autoencoder_s_20251011-123937/best_model_de_fake_padts_94u_20251011-123937.keras,autoencoder_s_0_nusers_1_0.5_0_eatdrinkanother_94u_200_1e-05_0.5_128_50_-1_3_gelu_classic,hyperparams_52.txt,True,True,True,"[64.0, 0.8903, 64.0, 0.757, 64.0, 0.8043]",best_model_eatdrinkanother_94u_20251102-010547.keras,f6a8685edc340018d792f59bb337697d
eatdrinkanother_94u_1f_autoencoder_s_20251102-041637,20251102-041637,53,False,80.0,0.8711,0.8241,0.8273,autoencoder_s,0,nusers,1,0.5,0,eatdrinkanother_94u,200,1e-05,0.5,128,50,-1,3,tanh,balanced,saved_models_prev/recurrent_models_20251011-123315/de_fake_padts_94u_1f_autoencoder_s_20251011-123937/best_model_de_fake_padts_94u_20251011-123937.keras,autoencoder_s_0_nusers_1_0.5_0_eatdrinkanother_94u_200_1e-05_0.5_128_50_-1_3_tanh_balanced,hyperparams_53.txt,True,True,True,"[64.0, 0.8697, 64.0, 0.7889, 64.0, 0.8234]",best_model_eatdrinkanother_94u_20251102-041637.keras,f6a8685edc340018d792f59bb337697d
eatdrinkanother_94u_1f_autoencoder_s_20251102-072355,20251102-072355,54,False,91.0,0.8523,0.8058,0.8179,autoencoder_s,0,nusers,1,0.5,0,eatdrinkanother_94u,200,1e-05,0.5,128,50,-1,3,tanh,light,saved_models_prev/recurrent_models_20251011-123315/de_fake_padts_94u_1f_autoencoder_s_20251011-123937/best_model_de_fake_padts_94u_20251011-123937.keras,autoencoder_s_0_nusers_1_0.5_0_eatdrinkanother_94u_200_1e-05_0.5_128_50_-1_3_tanh_light,hyperparams_54.txt,True,True,True,"[64.0, 0.8938, 64.0, 0.7471, 64.0, 0.8128]",best_model_eatdrinkanother_94u_20251102-072355.keras,f6a8685edc340018d792f59bb337697d
eatdrinkanother_94u_1f_autoencoder_s_20251102-095858,20251102-095858,55,False,81.0,0.8642,0.81,0.8252,autoencoder_s,0,nusers,1,0.5,0,eatdrinkanother_94u,200,1e-05,0.5,128,50,-1,3,tanh,deep,saved_models_prev/recurrent_models_20251011-123315/de_fake_padts_94u_1f_autoencoder_s_20251011-123937/best_model_de_fake_padts_94u_20251011-123937.keras,autoencoder_s_0_nusers_1_0.5_0_eatdrinkanother_94u_200_1e-05_0.5_128_50_-1_3_tanh_deep,hyperparams_55.txt,True,True,True,"[64.0, 0.9061, 64.0, 0.7355, 64.0, 0.8339]",best_model_eatdrinkanother_94u_20251102-095858.keras,f6a8685edc340018d792f59bb337697d
eatdrinkanother_94u_1f_autoencoder_s_20251102-121749,20251102-121749,56,False,66.0,0.8971,0.8672,0.8464,autoencoder_s,0,nusers,1,0.5,0,eatdrinkanother_94u,200,1e-05,0.5,128,50,-1,3,tanh,classic,saved_models_prev/recurrent_models_20251011-123315/de_fake_padts_94u_1f_autoencoder_s_20251011-123937/best_model_de_fake_padts_94u_20251011-123937.keras,autoencoder_s_0_nusers_1_0.5_0_eatdrinkanother_94u_200_1e-05_0.5_128_50_-1_3_tanh_classic,hyperparams_56.txt,True,True,True,"[64.0, 0.8271, 64.0, 0.8482, 64.0, 0.864]",best_model_eatdrinkanother_94u_20251102-121749.keras,f6a8685edc340018d792f59bb337697d
eatdrinkanother_94u_1f_autoencoder_s_20251102-152424,20251102-152424,57,False,95.0,0.8542,0.8011,0.8163,autoencoder_s,0,nusers,1,0.5,0,eatdrinkanother_94u,200,1e-05,0.5,128,50,-1,3,relu,balanced,saved_models_prev/recurrent_models_20251011-123315/de_fake_padts_94u_1f_autoencoder_s_20251011-123937/best_model_de_fake_padts_94u_20251011-123937.keras,autoencoder_s_0_nusers_1_0.5_0_eatdrinkanother_94u_200_1e-05_0.5_128_50_-1_3_relu_balanced,hyperparams_57.txt,True,True,True,"[64.0, 0.8873, 64.0, 0.7444, 64.0, 0.8172]",best_model_eatdrinkanother_94u_20251102-152424.keras,f6a8685edc340018d792f59bb337697d
eatdrinkanother_94u_1f_autoencoder_s_20251102-185241,20251102-185241,58,False,96.0,0.8594,0.8099,0.8152,autoencoder_s,0,nusers,1,0.5,0,eatdrinkanother_94u,200,1e-05,0.5,128,50,-1,3,relu,light,saved_models_prev/recurrent_models_20251011-123315/de_fake_padts_94u_1f_autoencoder_s_20251011-123937/best_model_de_fake_padts_94u_20251011-123937.keras,autoencoder_s_0_nusers_1_0.5_0_eatdrinkanother_94u_200_1e-05_0.5_128_50_-1_3_relu_light,hyperparams_58.txt,True,True,True,"[64.0, 0.9065, 64.0, 0.7248, 64.0, 0.8144]",best_model_eatdrinkanother_94u_20251102-185241.keras,f6a8685edc340018d792f59bb337697d
eatdrinkanother_94u_1f_autoencoder_s_20251102-215215,20251102-215215,59,False,75.0,0.881,0.8279,0.8312,autoencoder_s,0,nusers,1,0.5,0,eatdrinkanother_94u,200,1e-05,0.5,128,50,-1,3,relu,deep,saved_models_prev/recurrent_models_20251011-123315/de_fake_padts_94u_1f_autoencoder_s_20251011-123937/best_model_de_fake_padts_94u_20251011-123937.keras,autoencoder_s_0_nusers_1_0.5_0_eatdrinkanother_94u_200_1e-05_0.5_128_50_-1_3_relu_deep,hyperparams_59.txt,True,True,True,"[64.0, 0.8632, 64.0, 0.7902, 64.0, 0.8403]",best_model_eatdrinkanother_94u_20251102-215215.keras,f6a8685edc340018d792f59bb337697d
eatdrinkanother_94u_1f_autoencoder_s_20251103-011918,20251103-011918,60,False,87.0,0.8684,0.8148,0.8208,autoencoder_s,0,nusers,1,0.5,0,eatdrinkanother_94u,200,1e-05,0.5,128,50,-1,3,relu,classic,saved_models_prev/recurrent_models_20251011-123315/de_fake_padts_94u_1f_autoencoder_s_20251011-123937/best_model_de_fake_padts_94u_20251011-123937.keras,autoencoder_s_0_nusers_1_0.5_0_eatdrinkanother_94u_200_1e-05_0.5_128_50_-1_3_relu_classic,hyperparams_60.txt,True,True,True,"[64.0, 0.8676, 64.0, 0.7742, 64.0, 0.8205]",best_model_eatdrinkanother_94u_20251103-011918.keras,f6a8685edc340018d792f59bb337697d
eatdrinkanother_94u_1f_autoencoder_s_20251103-044316,20251103-044316,61,False,85.0,0.8657,0.8075,0.8216,autoencoder_s,0,nusers,1,0.5,0,eatdrinkanother_94u,200,1e-05,0.5,128,50,-1,3,silu,balanced,saved_models_prev/recurrent_models_20251011-123315/de_fake_padts_94u_1f_autoencoder_s_20251011-123937/best_model_de_fake_padts_94u_20251011-123937.keras,autoencoder_s_0_nusers_1_0.5_0_eatdrinkanother_94u_200_1e-05_0.5_128_50_-1_3_silu_balanced,hyperparams_61.txt,True,True,True,"[64.0, 0.8966, 64.0, 0.7458, 64.0, 0.8224]",best_model_eatdrinkanother_94u_20251103-044316.keras,f6a8685edc340018d792f59bb337697d
eatdrinkanother_94u_1f_autoencoder_s_20251103-081142,20251103-081142,62,False,89.0,0.856,0.8138,0.8198,autoencoder_s,0,nusers,1,0.5,0,eatdrinkanother_94u,200,1e-05,0.5,128,50,-1,3,silu,light,saved_models_prev/recurrent_models_20251011-123315/de_fake_padts_94u_1f_autoencoder_s_20251011-123937/best_model_de_fake_padts_94u_20251011-123937.keras,autoencoder_s_0_nusers_1_0.5_0_eatdrinkanother_94u_200_1e-05_0.5_128_50_-1_3_silu_light,hyperparams_62.txt,True,True,True,"[64.0, 0.9169, 64.0, 0.7561, 64.0, 0.7866]",best_model_eatdrinkanother_94u_20251103-081142.keras,f6a8685edc340018d792f59bb337697d
eatdrinkanother_94u_1f_autoencoder_s_20251103-103232,20251103-103232,63,False,78.0,0.8764,0.8295,0.8294,autoencoder_s,0,nusers,1,0.5,0,eatdrinkanother_94u,200,1e-05,0.5,128,50,-1,3,silu,deep,saved_models_prev/recurrent_models_20251011-123315/de_fake_padts_94u_1f_autoencoder_s_20251011-123937/best_model_de_fake_padts_94u_20251011-123937.keras,autoencoder_s_0_nusers_1_0.5_0_eatdrinkanother_94u_200_1e-05_0.5_128_50_-1_3_silu_deep,hyperparams_63.txt,True,True,True,"[64.0, 0.8451, 64.0, 0.7919, 64.0, 0.8513]",best_model_eatdrinkanother_94u_20251103-103232.keras,f6a8685edc340018d792f59bb337697d
eatdrinkanother_94u_1f_autoencoder_s_20251103-135952,20251103-135952,64,False,72.0,0.8885,0.8469,0.8385,autoencoder_s,0,nusers,1,0.5,0,eatdrinkanother_94u,200,1e-05,0.5,128,50,-1,3,silu,classic,saved_models_prev/recurrent_models_20251011-123315/de_fake_padts_94u_1f_autoencoder_s_20251011-123937/best_model_de_fake_padts_94u_20251011-123937.keras,autoencoder_s_0_nusers_1_0.5_0_eatdrinkanother_94u_200_1e-05_0.5_128_50_-1_3_silu_classic,hyperparams_64.txt,True,True,True,"[64.0, 0.8536, 64.0, 0.8184, 64.0, 0.8433]",best_model_eatdrinkanother_94u_20251103-135952.keras,f6a8685edc340018d792f59bb337697d
eatdrinkanother_94u_1f_autoencoder_s_20251103-172212,20251103-172212,65,False,26.0,0.8944,0.8536,0.8704,autoencoder_s,0,nusers,1,0.5,0,eatdrinkanother_94u,200,1e-05,0.5,128,50,-1,3,gelu,balanced,saved_models_prev/recurrent_models_20251012-100533/de_fake_padts_94u_1f_autoencoder_s_20251012-101512/best_model_de_fake_padts_94u_20251012-101512.keras,autoencoder_s_0_nusers_1_0.5_0_eatdrinkanother_94u_200_1e-05_0.5_128_50_-1_3_gelu_balanced,hyperparams_65.txt,True,True,True,"[64.0, 0.8599, 64.0, 0.8253, 64.0, 0.9259]",best_model_eatdrinkanother_94u_20251103-172212.keras,f6a8685edc340018d792f59bb337697d
eatdrinkanother_94u_1f_autoencoder_s_20251103-204853,20251103-204853,66,False,39.0,0.8925,0.8556,0.8645,autoencoder_s,0,nusers,1,0.5,0,eatdrinkanother_94u,200,1e-05,0.5,128,50,-1,3,gelu,light,saved_models_prev/recurrent_models_20251012-100533/de_fake_padts_94u_1f_autoencoder_s_20251012-101512/best_model_de_fake_padts_94u_20251012-101512.keras,autoencoder_s_0_nusers_1_0.5_0_eatdrinkanother_94u_200_1e-05_0.5_128_50_-1_3_gelu_light,hyperparams_66.txt,True,True,True,"[64.0, 0.8476, 64.0, 0.8405, 64.0, 0.9053]",best_model_eatdrinkanother_94u_20251103-204853.keras,f6a8685edc340018d792f59bb337697d
eatdrinkanother_94u_1f_autoencoder_s_20251104-001235,20251104-001235,67,False,62.0,0.8807,0.8378,0.8542,autoencoder_s,0,nusers,1,0.5,0,eatdrinkanother_94u,200,1e-05,0.5,128,50,-1,3,gelu,deep,saved_models_prev/recurrent_models_20251012-100533/de_fake_padts_94u_1f_autoencoder_s_20251012-101512/best_model_de_fake_padts_94u_20251012-101512.keras,autoencoder_s_0_nusers_1_0.5_0_eatdrinkanother_94u_200_1e-05_0.5_128_50_-1_3_gelu_deep,hyperparams_67.txt,True,True,True,"[64.0, 0.8571, 64.0, 0.799, 64.0, 0.9064]",best_model_eatdrinkanother_94u_20251104-001235.keras,f6a8685edc340018d792f59bb337697d
eatdrinkanother_94u_1f_autoencoder_s_20251104-034059,20251104-034059,68,False,42.0,0.8914,0.8523,0.8634,autoencoder_s,0,nusers,1,0.5,0,eatdrinkanother_94u,200,1e-05,0.5,128,50,-1,3,gelu,classic,saved_models_prev/recurrent_models_20251012-100533/de_fake_padts_94u_1f_autoencoder_s_20251012-101512/best_model_de_fake_padts_94u_20251012-101512.keras,autoencoder_s_0_nusers_1_0.5_0_eatdrinkanother_94u_200_1e-05_0.5_128_50_-1_3_gelu_classic,hyperparams_68.txt,True,True,True,"[64.0, 0.7997, 64.0, 0.876, 64.0, 0.9144]",best_model_eatdrinkanother_94u_20251104-034059.keras,f6a8685edc340018d792f59bb337697d
eatdrinkanother_94u_1f_autoencoder_s_20251104-070255,20251104-070255,69,False,65.0,0.8801,0.8496,0.8501,autoencoder_s,0,nusers,1,0.5,0,eatdrinkanother_94u,200,1e-05,0.5,128,50,-1,3,tanh,balanced,saved_models_prev/recurrent_models_20251012-100533/de_fake_padts_94u_1f_autoencoder_s_20251012-101512/best_model_de_fake_padts_94u_20251012-101512.keras,autoencoder_s_0_nusers_1_0.5_0_eatdrinkanother_94u_200_1e-05_0.5_128_50_-1_3_tanh_balanced,hyperparams_69.txt,True,True,True,"[64.0, 0.8656, 64.0, 0.8066, 64.0, 0.8781]",best_model_eatdrinkanother_94u_20251104-070255.keras,f6a8685edc340018d792f59bb337697d
eatdrinkanother_94u_1f_autoencoder_s_20251104-102921,20251104-102921,70,False,32.0,0.8944,0.8597,0.8673,autoencoder_s,0,nusers,1,0.5,0,eatdrinkanother_94u,200,1e-05,0.5,128,50,-1,3,tanh,light,saved_models_prev/recurrent_models_20251012-100533/de_fake_padts_94u_1f_autoencoder_s_20251012-101512/best_model_de_fake_padts_94u_20251012-101512.keras,autoencoder_s_0_nusers_1_0.5_0_eatdrinkanother_94u_200_1e-05_0.5_128_50_-1_3_tanh_light,hyperparams_70.txt,True,True,True,"[64.0, 0.8688, 64.0, 0.8489, 64.0, 0.8842]",best_model_eatdrinkanother_94u_20251104-102921.keras,f6a8685edc340018d792f59bb337697d
eatdrinkanother_94u_1f_autoencoder_s_20251104-135258,20251104-135258,71,False,54.0,0.8858,0.8466,0.8587,autoencoder_s,0,nusers,1,0.5,0,eatdrinkanother_94u,200,1e-05,0.5,128,50,-1,3,tanh,deep,saved_models_prev/recurrent_models_20251012-100533/de_fake_padts_94u_1f_autoencoder_s_20251012-101512/best_model_de_fake_padts_94u_20251012-101512.keras,autoencoder_s_0_nusers_1_0.5_0_eatdrinkanother_94u_200_1e-05_0.5_128_50_-1_3_tanh_deep,hyperparams_71.txt,True,True,True,"[64.0, 0.8542, 64.0, 0.835, 64.0, 0.8867]",best_model_eatdrinkanother_94u_20251104-135258.keras,f6a8685edc340018d792f59bb337697d
eatdrinkanother_94u_1f_autoencoder_s_20251104-171957,20251104-171957,72,False,34.0,0.8953,0.8613,0.867,autoencoder_s,0,nusers,1,0.5,0,eatdrinkanother_94u,200,1e-05,0.5,128,50,-1,3,tanh,classic,saved_models_prev/recurrent_models_20251012-100533/de_fake_padts_94u_1f_autoencoder_s_20251012-101512/best_model_de_fake_padts_94u_20251012-101512.keras,autoencoder_s_0_nusers_1_0.5_0_eatdrinkanother_94u_200_1e-05_0.5_128_50_-1_3_tanh_classic,hyperparams_72.txt,True,True,True,"[64.0, 0.8184, 64.0, 0.8831, 64.0, 0.8996]",best_model_eatdrinkanother_94u_20251104-171957.keras,f6a8685edc340018d792f59bb337697d
eatdrinkanother_94u_1f_autoencoder_s_20251104-204210,20251104-204210,73,False,56.0,0.8935,0.8522,0.8576,autoencoder_s,0,nusers,1,0.5,0,eatdrinkanother_94u,200,1e-05,0.5,128,50,-1,3,relu,balanced,saved_models_prev/recurrent_models_20251012-100533/de_fake_padts_94u_1f_autoencoder_s_20251012-101512/best_model_de_fake_padts_94u_20251012-101512.keras,autoencoder_s_0_nusers_1_0.5_0_eatdrinkanother_94u_200_1e-05_0.5_128_50_-1_3_relu_balanced,hyperparams_73.txt,True,True,True,"[64.0, 0.82, 64.0, 0.8514, 64.0, 0.9014]",best_model_eatdrinkanother_94u_20251104-204210.keras,f6a8685edc340018d792f59bb337697d
eatdrinkanother_94u_1f_autoencoder_s_20251105-000828,20251105-000828,74,False,58.0,0.895,0.8555,0.8574,autoencoder_s,0,nusers,1,0.5,0,eatdrinkanother_94u,200,1e-05,0.5,128,50,-1,3,relu,light,saved_models_prev/recurrent_models_20251012-100533/de_fake_padts_94u_1f_autoencoder_s_20251012-101512/best_model_de_fake_padts_94u_20251012-101512.keras,autoencoder_s_0_nusers_1_0.5_0_eatdrinkanother_94u_200_1e-05_0.5_128_50_-1_3_relu_light,hyperparams_74.txt,True,True,True,"[64.0, 0.8054, 64.0, 0.8615, 64.0, 0.9053]",best_model_eatdrinkanother_94u_20251105-000828.keras,f6a8685edc340018d792f59bb337697d
eatdrinkanother_94u_1f_autoencoder_s_20251105-033129,20251105-033129,75,False,31.0,0.8933,0.8566,0.8677,autoencoder_s,0,nusers,1,0.5,0,eatdrinkanother_94u,200,1e-05,0.5,128,50,-1,3,relu,deep,saved_models_prev/recurrent_models_20251012-100533/de_fake_padts_94u_1f_autoencoder_s_20251012-101512/best_model_de_fake_padts_94u_20251012-101512.keras,autoencoder_s_0_nusers_1_0.5_0_eatdrinkanother_94u_200_1e-05_0.5_128_50_-1_3_relu_deep,hyperparams_75.txt,True,True,True,"[64.0, 0.8682, 64.0, 0.8461, 64.0, 0.8887]",best_model_eatdrinkanother_94u_20251105-033129.keras,f6a8685edc340018d792f59bb337697d
eatdrinkanother_94u_1f_autoencoder_s_20251105-065956,20251105-065956,76,False,50.0,0.8967,0.8573,0.8612,autoencoder_s,0,nusers,1,0.5,0,eatdrinkanother_94u,200,1e-05,0.5,128,50,-1,3,relu,classic,saved_models_prev/recurrent_models_20251012-100533/de_fake_padts_94u_1f_autoencoder_s_20251012-101512/best_model_de_fake_padts_94u_20251012-101512.keras,autoencoder_s_0_nusers_1_0.5_0_eatdrinkanother_94u_200_1e-05_0.5_128_50_-1_3_relu_classic,hyperparams_76.txt,True,True,True,"[64.0, 0.8273, 64.0, 0.8592, 64.0, 0.8971]",best_model_eatdrinkanother_94u_20251105-065956.keras,f6a8685edc340018d792f59bb337697d
eatdrinkanother_94u_1f_autoencoder_s_20251105-102247,20251105-102247,77,False,55.0,0.8834,0.8422,0.8579,autoencoder_s,0,nusers,1,0.5,0,eatdrinkanother_94u,200,1e-05,0.5,128,50,-1,3,silu,balanced,saved_models_prev/recurrent_models_20251012-100533/de_fake_padts_94u_1f_autoencoder_s_20251012-101512/best_model_de_fake_padts_94u_20251012-101512.keras,autoencoder_s_0_nusers_1_0.5_0_eatdrinkanother_94u_200_1e-05_0.5_128_50_-1_3_silu_balanced,hyperparams_77.txt,True,True,True,"[64.0, 0.82, 64.0, 0.8365, 64.0, 0.9171]",best_model_eatdrinkanother_94u_20251105-102247.keras,f6a8685edc340018d792f59bb337697d
eatdrinkanother_94u_1f_autoencoder_s_20251105-134658,20251105-134658,78,False,35.0,0.8976,0.8632,0.8669,autoencoder_s,0,nusers,1,0.5,0,eatdrinkanother_94u,200,1e-05,0.5,128,50,-1,3,silu,light,saved_models_prev/recurrent_models_20251012-100533/de_fake_padts_94u_1f_autoencoder_s_20251012-101512/best_model_de_fake_padts_94u_20251012-101512.keras,autoencoder_s_0_nusers_1_0.5_0_eatdrinkanother_94u_200_1e-05_0.5_128_50_-1_3_silu_light,hyperparams_78.txt,True,True,True,"[64.0, 0.8457, 64.0, 0.8636, 64.0, 0.8913]",best_model_eatdrinkanother_94u_20251105-134658.keras,f6a8685edc340018d792f59bb337697d
eatdrinkanother_94u_1f_autoencoder_s_20251105-170810,20251105-170810,79,False,53.0,0.8828,0.843,0.8595,autoencoder_s,0,nusers,1,0.5,0,eatdrinkanother_94u,200,1e-05,0.5,128,50,-1,3,silu,deep,saved_models_prev/recurrent_models_20251012-100533/de_fake_padts_94u_1f_autoencoder_s_20251012-101512/best_model_de_fake_padts_94u_20251012-101512.keras,autoencoder_s_0_nusers_1_0.5_0_eatdrinkanother_94u_200_1e-05_0.5_128_50_-1_3_silu_deep,hyperparams_79.txt,True,True,True,"[64.0, 0.8526, 64.0, 0.8205, 64.0, 0.9053]",best_model_eatdrinkanother_94u_20251105-170810.keras,f6a8685edc340018d792f59bb337697d
eatdrinkanother_94u_1f_autoencoder_s_20251105-203339,20251105-203339,80,False,43.0,0.8872,0.8432,0.863,autoencoder_s,0,nusers,1,0.5,0,eatdrinkanother_94u,200,1e-05,0.5,128,50,-1,3,silu,classic,saved_models_prev/recurrent_models_20251012-100533/de_fake_padts_94u_1f_autoencoder_s_20251012-101512/best_model_de_fake_padts_94u_20251012-101512.keras,autoencoder_s_0_nusers_1_0.5_0_eatdrinkanother_94u_200_1e-05_0.5_128_50_-1_3_silu_classic,hyperparams_80.txt,True,True,True,"[64.0, 0.8238, 64.0, 0.8589, 64.0, 0.9062]",best_model_eatdrinkanother_94u_20251105-203339.keras,f6a8685edc340018d792f59bb337697d
eatdrinkanother_94u_1f_autoencoder_s_20251105-235808,20251105-235808,81,False,88.0,0.8379,0.7969,0.8203,autoencoder_s,0,nusers,1,0.5,0,eatdrinkanother_94u,200,1e-05,0.5,128,50,-1,3,gelu,balanced,saved_models_prev/recurrent_models_20251019-194221/de_d_e_fake_100-9_1f_autoencoder_s_20251020-104835/best_model_de_d_e_fake_100-9_20251020-104835.keras,autoencoder_s_0_nusers_1_0.5_0_eatdrinkanother_94u_200_1e-05_0.5_128_50_-1_3_gelu_balanced,hyperparams_81.txt,True,True,True,"[64.0, 0.6799, 64.0, 0.8478, 64.0, 0.9331]",best_model_eatdrinkanother_94u_20251105-235808.keras,f6a8685edc340018d792f59bb337697d
eatdrinkanother_94u_1f_autoencoder_s_20251106-032531,20251106-032531,82,False,67.0,0.865,0.8241,0.8449,autoencoder_s,0,nusers,1,0.5,0,eatdrinkanother_94u,200,1e-05,0.5,128,50,-1,3,gelu,light,saved_models_prev/recurrent_models_20251019-194221/de_d_e_fake_100-9_1f_autoencoder_s_20251020-104835/best_model_de_d_e_fake_100-9_20251020-104835.keras,autoencoder_s_0_nusers_1_0.5_0_eatdrinkanother_94u_200_1e-05_0.5_128_50_-1_3_gelu_light,hyperparams_82.txt,True,True,True,"[64.0, 0.7322, 64.0, 0.8713, 64.0, 0.9313]",best_model_eatdrinkanother_94u_20251106-032531.keras,f6a8685edc340018d792f59bb337697d
eatdrinkanother_94u_1f_autoencoder_s_20251106-061636,20251106-061636,83,False,69.0,0.8617,0.8126,0.8416,autoencoder_s,0,nusers,1,0.5,0,eatdrinkanother_94u,200,1e-05,0.5,128,50,-1,3,gelu,deep,saved_models_prev/recurrent_models_20251019-194221/de_d_e_fake_100-9_1f_autoencoder_s_20251020-104835/best_model_de_d_e_fake_100-9_20251020-104835.keras,autoencoder_s_0_nusers_1_0.5_0_eatdrinkanother_94u_200_1e-05_0.5_128_50_-1_3_gelu_deep,hyperparams_83.txt,True,True,True,"[64.0, 0.7401, 64.0, 0.8619, 64.0, 0.9227]",best_model_eatdrinkanother_94u_20251106-061636.keras,f6a8685edc340018d792f59bb337697d
eatdrinkanother_94u_1f_autoencoder_s_20251106-094329,20251106-094329,84,False,94.0,0.8402,0.7928,0.8168,autoencoder_s,0,nusers,1,0.5,0,eatdrinkanother_94u,200,1e-05,0.5,128,50,-1,3,gelu,classic,saved_models_prev/recurrent_models_20251019-194221/de_d_e_fake_100-9_1f_autoencoder_s_20251020-104835/best_model_de_d_e_fake_100-9_20251020-104835.keras,autoencoder_s_0_nusers_1_0.5_0_eatdrinkanother_94u_200_1e-05_0.5_128_50_-1_3_gelu_classic,hyperparams_84.txt,True,True,True,"[64.0, 0.6481, 64.0, 0.8514, 64.0, 0.951]",best_model_eatdrinkanother_94u_20251106-094329.keras,f6a8685edc340018d792f59bb337697d
eatdrinkanother_94u_1f_autoencoder_s_20251106-130656,20251106-130656,85,False,92.0,0.8358,0.7918,0.8173,autoencoder_s,0,nusers,1,0.5,0,eatdrinkanother_94u,200,1e-05,0.5,128,50,-1,3,tanh,balanced,saved_models_prev/recurrent_models_20251019-194221/de_d_e_fake_100-9_1f_autoencoder_s_20251020-104835/best_model_de_d_e_fake_100-9_20251020-104835.keras,autoencoder_s_0_nusers_1_0.5_0_eatdrinkanother_94u_200_1e-05_0.5_128_50_-1_3_tanh_balanced,hyperparams_85.txt,True,True,True,"[64.0, 0.7434, 64.0, 0.8056, 64.0, 0.903]",best_model_eatdrinkanother_94u_20251106-130656.keras,f6a8685edc340018d792f59bb337697d
eatdrinkanother_94u_1f_autoencoder_s_20251106-163256,20251106-163256,86,False,71.0,0.8601,0.8152,0.8401,autoencoder_s,0,nusers,1,0.5,0,eatdrinkanother_94u,200,1e-05,0.5,128,50,-1,3,tanh,light,saved_models_prev/recurrent_models_20251019-194221/de_d_e_fake_100-9_1f_autoencoder_s_20251020-104835/best_model_de_d_e_fake_100-9_20251020-104835.keras,autoencoder_s_0_nusers_1_0.5_0_eatdrinkanother_94u_200_1e-05_0.5_128_50_-1_3_tanh_light,hyperparams_86.txt,True,True,True,"[64.0, 0.7016, 64.0, 0.8779, 64.0, 0.9407]",best_model_eatdrinkanother_94u_20251106-163256.keras,f6a8685edc340018d792f59bb337697d
eatdrinkanother_94u_1f_autoencoder_s_20251106-191407,20251106-191407,87,False,70.0,0.8639,0.8207,0.8402,autoencoder_s,0,nusers,1,0.5,0,eatdrinkanother_94u,200,1e-05,0.5,128,50,-1,3,tanh,deep,saved_models_prev/recurrent_models_20251019-194221/de_d_e_fake_100-9_1f_autoencoder_s_20251020-104835/best_model_de_d_e_fake_100-9_20251020-104835.keras,autoencoder_s_0_nusers_1_0.5_0_eatdrinkanother_94u_200_1e-05_0.5_128_50_-1_3_tanh_deep,hyperparams_87.txt,True,True,True,"[64.0, 0.7549, 64.0, 0.8159, 64.0, 0.9497]",best_model_eatdrinkanother_94u_20251106-191407.keras,f6a8685edc340018d792f59bb337697d
eatdrinkanother_94u_1f_autoencoder_s_20251106-224041,20251106-224041,88,False,74.0,0.8546,0.7991,0.8314,autoencoder_s,0,nusers,1,0.5,0,eatdrinkanother_94u,200,1e-05,0.5,128,50,-1,3,tanh,classic,saved_models_prev/recurrent_models_20251019-194221/de_d_e_fake_100-9_1f_autoencoder_s_20251020-104835/best_model_de_d_e_fake_100-9_20251020-104835.keras,autoencoder_s_0_nusers_1_0.5_0_eatdrinkanother_94u_200_1e-05_0.5_128_50_-1_3_tanh_classic,hyperparams_88.txt,True,True,True,"[64.0, 0.6655, 64.0, 0.8825, 64.0, 0.9462]",best_model_eatdrinkanother_94u_20251106-224041.keras,f6a8685edc340018d792f59bb337697d
eatdrinkanother_94u_1f_autoencoder_s_20251107-020229,20251107-020229,89,False,84.0,0.8388,0.7904,0.8221,autoencoder_s,0,nusers,1,0.5,0,eatdrinkanother_94u,200,1e-05,0.5,128,50,-1,3,relu,balanced,saved_models_prev/recurrent_models_20251019-194221/de_d_e_fake_100-9_1f_autoencoder_s_20251020-104835/best_model_de_d_e_fake_100-9_20251020-104835.keras,autoencoder_s_0_nusers_1_0.5_0_eatdrinkanother_94u_200_1e-05_0.5_128_50_-1_3_relu_balanced,hyperparams_89.txt,True,True,True,"[64.0, 0.7044, 64.0, 0.84, 64.0, 0.9218]",best_model_eatdrinkanother_94u_20251107-020229.keras,f6a8685edc340018d792f59bb337697d
eatdrinkanother_94u_1f_autoencoder_s_20251107-052833,20251107-052833,90,False,86.0,0.8333,0.8002,0.8212,autoencoder_s,0,nusers,1,0.5,0,eatdrinkanother_94u,200,1e-05,0.5,128,50,-1,3,relu,light,saved_models_prev/recurrent_models_20251019-194221/de_d_e_fake_100-9_1f_autoencoder_s_20251020-104835/best_model_de_d_e_fake_100-9_20251020-104835.keras,autoencoder_s_0_nusers_1_0.5_0_eatdrinkanother_94u_200_1e-05_0.5_128_50_-1_3_relu_light,hyperparams_90.txt,True,True,True,"[64.0, 0.6791, 64.0, 0.8322, 64.0, 0.9523]",best_model_eatdrinkanother_94u_20251107-052833.keras,f6a8685edc340018d792f59bb337697d
eatdrinkanother_94u_1f_autoencoder_s_20251107-084401,20251107-084401,91,False,76.0,0.8477,0.795,0.831,autoencoder_s,0,nusers,1,0.5,0,eatdrinkanother_94u,200,1e-05,0.5,128,50,-1,3,relu,deep,saved_models_prev/recurrent_models_20251019-194221/de_d_e_fake_100-9_1f_autoencoder_s_20251020-104835/best_model_de_d_e_fake_100-9_20251020-104835.keras,autoencoder_s_0_nusers_1_0.5_0_eatdrinkanother_94u_200_1e-05_0.5_128_50_-1_3_relu_deep,hyperparams_91.txt,True,True,True,"[64.0, 0.7219, 64.0, 0.8201, 64.0, 0.9511]",best_model_eatdrinkanother_94u_20251107-084401.keras,f6a8685edc340018d792f59bb337697d
eatdrinkanother_94u_1f_autoencoder_s_20251107-121129,20251107-121129,92,False,77.0,0.8602,0.8173,0.8295,autoencoder_s,0,nusers,1,0.5,0,eatdrinkanother_94u,200,1e-05,0.5,128,50,-1,3,relu,classic,saved_models_prev/recurrent_models_20251019-194221/de_d_e_fake_100-9_1f_autoencoder_s_20251020-104835/best_model_de_d_e_fake_100-9_20251020-104835.keras,autoencoder_s_0_nusers_1_0.5_0_eatdrinkanother_94u_200_1e-05_0.5_128_50_-1_3_relu_classic,hyperparams_92.txt,True,True,True,"[64.0, 0.6511, 64.0, 0.8909, 64.0, 0.9464]",best_model_eatdrinkanother_94u_20251107-121129.keras,f6a8685edc340018d792f59bb337697d
eatdrinkanother_94u_1f_autoencoder_s_20251107-153443,20251107-153443,93,False,82.0,0.8519,0.7993,0.825,autoencoder_s,0,nusers,1,0.5,0,eatdrinkanother_94u,200,1e-05,0.5,128,50,-1,3,silu,balanced,saved_models_prev/recurrent_models_20251019-194221/de_d_e_fake_100-9_1f_autoencoder_s_20251020-104835/best_model_de_d_e_fake_100-9_20251020-104835.keras,autoencoder_s_0_nusers_1_0.5_0_eatdrinkanother_94u_200_1e-05_0.5_128_50_-1_3_silu_balanced,hyperparams_93.txt,True,True,True,"[64.0, 0.7855, 64.0, 0.8129, 64.0, 0.8766]",best_model_eatdrinkanother_94u_20251107-153443.keras,f6a8685edc340018d792f59bb337697d
eatdrinkanother_94u_1f_autoencoder_s_20251107-172926,20251107-172926,94,False,68.0,0.8713,0.8238,0.8419,autoencoder_s,0,nusers,1,0.5,0,eatdrinkanother_94u,200,1e-05,0.5,128,50,-1,3,silu,light,saved_models_prev/recurrent_models_20251019-194221/de_d_e_fake_100-9_1f_autoencoder_s_20251020-104835/best_model_de_d_e_fake_100-9_20251020-104835.keras,autoencoder_s_0_nusers_1_0.5_0_eatdrinkanother_94u_200_1e-05_0.5_128_50_-1_3_silu_light,hyperparams_94.txt,True,True,True,"[64.0, 0.7162, 64.0, 0.876, 64.0, 0.9334]",best_model_eatdrinkanother_94u_20251107-172926.keras,f6a8685edc340018d792f59bb337697d
eatdrinkanother_94u_1f_autoencoder_s_20251107-205308,20251107-205308,95,False,73.0,0.8547,0.8011,0.8348,autoencoder_s,0,nusers,1,0.5,0,eatdrinkanother_94u,200,1e-05,0.5,128,50,-1,3,silu,deep,saved_models_prev/recurrent_models_20251019-194221/de_d_e_fake_100-9_1f_autoencoder_s_20251020-104835/best_model_de_d_e_fake_100-9_20251020-104835.keras,autoencoder_s_0_nusers_1_0.5_0_eatdrinkanother_94u_200_1e-05_0.5_128_50_-1_3_silu_deep,hyperparams_95.txt,True,True,True,"[64.0, 0.7363, 64.0, 0.8308, 64.0, 0.9372]",best_model_eatdrinkanother_94u_20251107-205308.keras,f6a8685edc340018d792f59bb337697d
eatdrinkanother_94u_1f_autoencoder_s_20251108-001927,20251108-001927,96,False,83.0,0.8406,0.7876,0.8247,autoencoder_s,0,nusers,1,0.5,0,eatdrinkanother_94u,200,1e-05,0.5,128,50,-1,3,silu,classic,saved_models_prev/recurrent_models_20251019-194221/de_d_e_fake_100-9_1f_autoencoder_s_20251020-104835/best_model_de_d_e_fake_100-9_20251020-104835.keras,autoencoder_s_0_nusers_1_0.5_0_eatdrinkanother_94u_200_1e-05_0.5_128_50_-1_3_silu_classic,hyperparams_96.txt,True,True,True,"[64.0, 0.6653, 64.0, 0.8545, 64.0, 0.9543]",best_model_eatdrinkanother_94u_20251108-001927.keras,f6a8685edc340018d792f59bb337697d
