time,dataset,n_epochs,lr,do,batch,layers,h_units,lstm_reg,clf_reg,clipvalue,train,train_bal,f1_score_train_we,kappa_train,val,val_bal,f1_score_val_we,kappa_val,test,test_bal,f1_score_test_we,kappa_test,obs,modeltype,uuid_val,uuid_test,ov,path
20251026-124725,eatdrinkanother_94u,50,0.0001,0.5,128,-1,100,0.0001,0.0001,5,0.9553,0.9292,0.9573,0.8381,0.9362,0.8856,0.9389,0.77,0.9285,0.8743,0.933,0.7488,,autoencoder_s,,,,
20251026-160058,eatdrinkanother_94u,50,0.0001,0.5,128,-1,100,0.0001,0.0001,5,0.9393,0.913,0.9434,0.7882,0.9339,0.8842,0.9367,0.7624,0.919,0.8781,0.925,0.7238,,autoencoder_s,,,,
20251026-184010,eatdrinkanother_94u,50,0.0001,0.5,128,-1,100,0.0001,0.0001,5,0.9461,0.9208,0.9495,0.8089,0.9385,0.8988,0.9416,0.7793,0.9254,0.8745,0.9305,0.7393,,autoencoder_s,,,,
20251026-221117,eatdrinkanother_94u,50,0.0001,0.5,128,-1,100,0.0001,0.0001,5,0.9383,0.9203,0.943,0.7867,0.9308,0.8853,0.9346,0.7537,0.9177,0.8781,0.9247,0.7212,,autoencoder_s,,,,
20251027-010139,eatdrinkanother_94u,50,0.0001,0.5,128,-1,100,0.0001,0.0001,5,0.9412,0.912,0.9451,0.7929,0.9327,0.8876,0.9365,0.7601,0.9246,0.8776,0.93,0.7388,,autoencoder_s,,,,
20251027-043359,eatdrinkanother_94u,50,0.0001,0.5,128,-1,100,0.0001,0.0001,5,0.9474,0.9159,0.9503,0.8116,0.9378,0.8823,0.9403,0.7734,0.928,0.8767,0.9326,0.7477,,autoencoder_s,,,,
20251027-073938,eatdrinkanother_94u,50,0.0001,0.5,128,-1,100,0.0001,0.0001,5,0.9635,0.9347,0.9648,0.8649,0.9459,0.91,0.9484,0.8035,0.9335,0.8803,0.937,0.7623,,autoencoder_s,,,,
20251027-111342,eatdrinkanother_94u,50,0.0001,0.5,128,-1,100,0.0001,0.0001,5,0.9479,0.9431,0.9514,0.8186,0.9235,0.9121,0.9295,0.743,0.921,0.8938,0.9272,0.7334,,autoencoder_s,,,,
20251027-142519,eatdrinkanother_94u,50,0.0001,0.5,128,-1,100,0.0001,0.0001,5,0.9536,0.9255,0.956,0.8325,0.9343,0.898,0.9383,0.7682,0.9321,0.8942,0.9367,0.7623,,autoencoder_s,,,,
20251027-175126,eatdrinkanother_94u,50,0.0001,0.5,128,-1,100,0.0001,0.0001,5,0.9531,0.9361,0.9558,0.8326,0.9381,0.9068,0.9413,0.7802,0.932,0.8886,0.936,0.7609,,autoencoder_s,,,,
20251027-210500,eatdrinkanother_94u,50,0.0001,0.5,128,-1,100,0.0001,0.0001,5,0.9534,0.9376,0.956,0.8338,0.9359,0.9155,0.94,0.7771,0.9222,0.8715,0.9276,0.7312,,autoencoder_s,,,,
20251028-003028,eatdrinkanother_94u,50,0.0001,0.5,128,-1,100,0.0001,0.0001,5,0.9547,0.9331,0.9568,0.8369,0.9336,0.9046,0.9373,0.7671,0.9335,0.8961,0.9374,0.7667,,autoencoder_s,,,,
20251028-035704,eatdrinkanother_94u,50,0.0001,0.5,128,-1,100,0.0001,0.0001,5,0.9379,0.9511,0.9428,0.7918,0.9076,0.8937,0.9157,0.6988,0.9086,0.8694,0.9163,0.6967,,autoencoder_s,,,,
20251028-072357,eatdrinkanother_94u,50,0.0001,0.5,128,-1,100,0.0001,0.0001,5,0.928,0.9305,0.9345,0.7622,0.904,0.8828,0.9127,0.6883,0.8971,0.862,0.9075,0.67,,autoencoder_s,,,,
20251028-105114,eatdrinkanother_94u,50,0.0001,0.5,128,-1,100,0.0001,0.0001,5,0.9259,0.9381,0.9326,0.7578,0.8953,0.8789,0.9062,0.6669,0.8896,0.8624,0.9013,0.6526,,autoencoder_s,,,,
20251028-141916,eatdrinkanother_94u,50,0.0001,0.5,128,-1,100,0.0001,0.0001,5,0.9059,0.9176,0.9164,0.7056,0.8731,0.8684,0.89,0.6193,0.8765,0.8592,0.8919,0.626,,autoencoder_s,,,,
20251028-174641,eatdrinkanother_94u,50,0.0001,0.5,128,-1,100,0.0001,0.0001,5,0.9312,0.9267,0.9364,0.769,0.9113,0.8763,0.9183,0.703,0.9059,0.8618,0.9141,0.6889,,autoencoder_s,,,,
20251028-210517,eatdrinkanother_94u,50,0.0001,0.5,128,-1,100,0.0001,0.0001,5,0.928,0.9399,0.9342,0.7634,0.8859,0.8835,0.8983,0.6486,0.8924,0.8655,0.9035,0.6595,,autoencoder_s,,,,
